{
  "metadata": {
    "map_origin_tag_id": 0,
    "tag_size": 0.0625,
    "timestamp": "2025-11-25 22:26:26",
    "camera_intrinsics": {
      "fx": 604.8953247070312,
      "fy": 604.4454345703125,
      "cx": 332.8041076660156,
      "cy": 247.84718322753906
    }
  },
  "tags": {
    "0": {
      "position": [
        0.0,
        0.0,
        0.0
      ],
      "rotation_matrix": [
        [
          1.0,
          0.0,
          0.0
        ],
        [
          0.0,
          1.0,
          0.0
        ],
        [
          0.0,
          0.0,
          1.0
        ]
      ],
      "rotation_euler_deg": [
        0.0,
        0.0,
        0.0
      ],
      "is_origin": true
    },
    "1": {
      "position": [
        0.1962533935323113,
        0.0016724828770513511,
        -0.011127126416037747
      ],
      "rotation_matrix": [
        [
          0.9956267812942566,
          0.005012315977408492,
          0.0932855243764072
        ],
        [
          -0.00033314248724589525,
          0.9987437589180179,
          -0.05010781414501112
        ],
        [
          -0.09341949146576327,
          0.04985760434327318,
          0.9943777038446848
        ]
      ],
      "rotation_euler_deg": [
        2.870378198700115,
        5.360358773218988,
        -0.019171498941106306
      ],
      "is_origin": false
    },
    "2": {
      "position": [
        0.18749737138844255,
        -0.12478125080258051,
        -0.016926374094923147
      ],
      "rotation_matrix": [
        [
          0.9992116942905647,
          -0.014882278963974153,
          0.036803637942715545
        ],
        [
          0.013774543951677631,
          0.9994498323383754,
          0.03017108844102508
        ],
        [
          -0.0372324043261154,
          -0.02964035107132414,
          0.9988669569349389
        ]
      ],
      "rotation_euler_deg": [
        -1.6996946434309692,
        2.1337528092724662,
        0.789795845403733
      ],
      "is_origin": false
    }
  }
}