{
  "metadata": {
    "target_tag_id": 3,
    "map_origin_tag_id": 0,
    "tag_size": 0.0625,
    "timestamp": "2025-11-25 22:26:59",
    "consecutive_detections": 279,
    "camera_intrinsics": {
      "fx": 604.8953247070312,
      "fy": 604.4454345703125,
      "cx": 332.8041076660156,
      "cy": 247.84718322753906
    }
  },
  "target_location": {
    "position": {
      "x": 0.10098985503173094,
      "y": 0.11150287446485502,
      "z": -0.023263006032540112,
      "unit": "meters"
    },
    "rotation_euler": {
      "roll": -16.233799513420095,
      "pitch": -1.708205319063599,
      "yaw": -86.93814452491368,
      "unit": "degrees"
    },
    "rotation_matrix": [
      [
        0.0533902905856212,
        0.9592034305093626,
        0.27762970981192353
      ],
      [
        -0.9981286876471991,
        0.042962809983543085,
        0.043512295434721
      ],
      [
        0.029809390581885233,
        -0.2794333120037552,
        0.9597022581903975
      ]
    ]
  }
}