{
  "metadata": {
    "map_origin_tag_id": 0,
    "tag_size": 0.0625,
    "timestamp": "2025-11-26 05:19:42",
    "camera_intrinsics": {
      "fx": 604.8953247070312,
      "fy": 604.4454345703125,
      "cx": 332.8041076660156,
      "cy": 247.84718322753906
    }
  },
  "tags": {
    "0": {
      "position": [
        0.0,
        0.0,
        0.0
      ],
      "rotation_matrix": [
        [
          1.0,
          0.0,
          0.0
        ],
        [
          0.0,
          1.0,
          0.0
        ],
        [
          0.0,
          0.0,
          1.0
        ]
      ],
      "rotation_euler_deg": [
        0.0,
        0.0,
        0.0
      ],
      "is_origin": true
    },
    "1": {
      "position": [
        0.19718181385587982,
        -0.0016394721142540258,
        -0.011272870126228018
      ],
      "rotation_matrix": [
        [
          0.9922947009954237,
          -0.0014765042807143279,
          0.12389126810034523
        ],
        [
          0.007505236077742611,
          0.9988090781886823,
          -0.04820888672528815
        ],
        [
          -0.12367254265931432,
          0.04876725605345562,
          0.9911240371059495
        ]
      ],
      "rotation_euler_deg": [
        2.8169090849397205,
        7.1041032594279026,
        0.4333492372458954
      ],
      "is_origin": false
    },
    "2": {
      "position": [
        0.18757507291789938,
        -0.12514453620252186,
        -0.022850535431811203
      ],
      "rotation_matrix": [
        [
          0.9980908373546384,
          -0.014925678515355138,
          0.059932499610587275
        ],
        [
          0.01559379176176475,
          0.999821203490457,
          -0.010695546240597112
        ],
        [
          -0.05976214560411552,
          0.011609701621931551,
          0.998145130119384
        ]
      ],
      "rotation_euler_deg": [
        0.6663929820939647,
        3.42616021520695,
        0.8950946494787307
      ],
      "is_origin": false
    }
  }
}