{
  "timestamp": "2025-11-26 07:29:11",
  "camera_pose": {
    "translation": [
      -0.03831332941905921,
      0.29328223973405376,
      -0.2404369956201968
    ],
    "rotation_matrix": [
      [
        0.9978879281043327,
        -0.025382588961125115,
        -0.0597947081377031
      ],
      [
        -0.026017944779116065,
        0.6872632157962948,
        -0.7259423797814849
      ],
      [
        0.05952100043777328,
        0.7259648726976842,
        0.6851512636753446
      ]
    ]
  },
  "calibration_tags": {
    "0": [
      0.0,
      0.0,
      0.0
    ],
    "1": [
      0.15,
      0.0,
      0.0
    ],
    "2": [
      0.0,
      0.0,
      0.15
    ]
  },
  "camera_intrinsics": {
    "fx": 604.8953247070312,
    "fy": 604.4454345703125,
    "cx": 332.8041076660156,
    "cy": 247.84718322753906
  }
}