{
  "metadata": {
    "map_origin_tag_id": 0,
    "tag_size": 0.0625,
    "timestamp": "2025-11-26 02:46:26"
  },
  "tags": {
    "0": {
      "position": [
        0.0,
        0.0,
        0.0
      ],
      "rotation_matrix": [
        [
          1.0,
          0.0,
          0.0
        ],
        [
          0.0,
          1.0,
          0.0
        ],
        [
          0.0,
          0.0,
          1.0
        ]
      ],
      "rotation_euler_deg": [
        0.0,
        0.0,
        0.0
      ],
      "is_origin": true
    },
    "1": {
      "position": [
        0.19610979668537284,
        0.0011798184492432529,
        -0.011437692709468927
      ],
      "rotation_matrix": [
        [
          0.9941525448882047,
          0.0012489434038008163,
          0.10797757930551354
        ],
        [
          0.0043138102561639125,
          0.9986755764887097,
          -0.051268742582746545
        ],
        [
          -0.10789860301865908,
          0.051434745700900154,
          0.9928304781790823
        ]
      ],
      "rotation_euler_deg": [
        2.9656237318215513,
        6.194193364788375,
        0.24861533710175884
      ],
      "is_origin": false
    },
    "2": {
      "position": [
        0.18689106408179512,
        -0.1228753677624056,
        -0.01891953869743146
      ],
      "rotation_matrix": [
        [
          0.9987810089607844,
          -0.017893997486809518,
          0.0460032715490783
        ],
        [
          0.016524139214798176,
          0.9994136882636308,
          0.029987206180242965
        ],
        [
          -0.04651289028308306,
          -0.02919048758120456,
          0.9984910948387494
        ]
      ],
      "rotation_euler_deg": [
        -1.6745422383271549,
        2.6659541720367175,
        0.9478324697375063
      ],
      "is_origin": false
    }
  }
}