{
  "metadata": {
    "map_origin_tag_id": 0,
    "tag_size": 0.0625,
    "timestamp": "2025-11-26 02:55:42"
  },
  "tags": {
    "0": {
      "position": [
        0.0,
        0.0,
        0.0
      ],
      "rotation_matrix": [
        [
          1.0,
          0.0,
          0.0
        ],
        [
          0.0,
          1.0,
          0.0
        ],
        [
          0.0,
          0.0,
          1.0
        ]
      ],
      "rotation_euler_deg": [
        0.0,
        0.0,
        0.0
      ],
      "is_origin": true
    },
    "1": {
      "position": [
        0.19602344514837083,
        0.0010462033814729876,
        -0.012060960245180052
      ],
      "rotation_matrix": [
        [
          0.9938340085782462,
          0.0012810030421497264,
          0.11087074647760084
        ],
        [
          0.004335197975040727,
          0.9987197286794834,
          -0.05039950004609547
        ],
        [
          -0.11079336375348331,
          0.0505693837967717,
          0.992556077997915
        ]
      ],
      "rotation_euler_deg": [
        2.9166202555952427,
        6.361051521478269,
        0.24992802597072775
      ],
      "is_origin": false
    },
    "2": {
      "position": [
        0.18666018592922906,
        -0.12270548472630943,
        -0.0195672633303815
      ],
      "rotation_matrix": [
        [
          0.9986702443450952,
          -0.018921492840348282,
          0.04795539769828377
        ],
        [
          0.01738643212351235,
          0.9993293201116291,
          0.03222765804777401
        ],
        [
          -0.04853303037852098,
          -0.03135102987020346,
          0.9983294335480426
        ]
      ],
      "rotation_euler_deg": [
        -1.79869640070266,
        2.7818306168741294,
        0.9973948470479669
      ],
      "is_origin": false
    }
  }
}